slug	address	source_url
spinny	Valuedrive Technologies Limited, 8th Floor, Capital Business Park, Sector 48, Gurugram, Haryana 122018	https://www.spinny.com/contact-us/
cars24	10th Floor, Tower B, Unitech Cyber Park, Sector 39, Gurugram, Haryana 122001	https://www.zaubacorp.com/CARS24-SERVICES-PRIVATE-LIMITED-U74999HR2015FTC056386
policybazaar	Plot No. 119, Sector 44, Gurugram, Haryana	https://en.wikipedia.org/wiki/Policybazaar
eternal	Pioneer Square, Tower 1 & 2, near Golf Course Extension Road, Sector 62, Gurugram, Haryana	https://www.knowyourgst.com/gst-number-search/zomato-limited-06AADCD4946L1ZE/
delhivery	Plot No. 5, Sector 44, Gurugram, Haryana	https://www.knowyourgst.com/gst-number-search/delhivery-limited-06AAPCS9575E2ZQ
makemytrip	Epitome Building, Building No. 5, 19th Floor, DLF Phase III, Gurugram, Haryana 122002	https://www.knowyourgst.com/gst-number-search/make-my-trip-india-pvt-ltd-06AADCM5146R1ZZ/
mobikwik	Pegasus One, Unit 102, 1st Floor, Block B, Golf Course Road, Gurugram, Haryana	https://www.knowyourgst.com/gst-number-search/one-mobikwik-systems-limited-06AABCO0442Q1ZC/
ixigo	Veritas Building, 2nd Floor, Golf Course Road, Sector 53, Gurugram, Haryana 122002	https://www.knowyourgst.com/gst-number-search/le-travenues-technology-limited-06AABCL1932G1C6/
urban-company	Plot No. 416, Phase III, Udyog Vihar, Gurugram, Haryana	https://www.knowyourgst.com/gst-number-search/urbancompany-06AABCU7755Q1ZK/
oyo	Orchid Centre, 3rd Floor, Golf Course Road, Sector 53, Gurugram, Haryana	https://www.knowyourgst.com/gst-number-search/oravel-stays-limited-06AABCO6063D1ZQ/
bharatpe	Building No. 8, Block C, 7th & 12th Floor, DLF Cyber City, Phase 2, Gurugram, Haryana	https://www.knowyourgst.com/gst-number-search/resilient-innovations-private-limited-06AAICR8311G1ZF/
greyorange	Orient Bestech Business Tower, near Hero Honda Chowk, NH-8, Sector 34, Gurugram, Haryana	https://www.knowyourgst.com/gst-number-search/grey-orange-india-pvt-ltd-06AAFCG6416L1ZG/
ofbusiness	Tower A, Global Business Park, 6th Floor, MG Road, Gurugram, Haryana	https://www.knowyourgst.com/gst-number-search/ofb-tech-private-limited-06AACCO1867C1ZP/
lenskart	Revenue Estate of Village Begampur Khatola, Gurugram, Haryana 122004	https://www.knowyourgst.com/gst-number-search/lenskart-solutions-private-limited-06AACCV7324B1ZO/
snapdeal	Cyberscape, 6th Floor, Golf Course Extension Road, Sector 59, Gurugram, Haryana	https://www.knowyourgst.com/gst-number-search/snapdeal-private-limited-06AABCJ8820B1ZY/
blinkit	Pioneer Square Commercial Complex, Ground Floor, Golf Course Extension Road, Sector 62, Gurugram, Haryana	https://www.knowyourgst.com/gst-number-search/blink-commerce-private-limited-06AAFCG9846E1ZF/
healthkart	The Presidency, Tower B, 2nd Floor, 46/4 MG Road, Sector 14, Gurugram, Haryana	https://www.knowyourgst.com/gst-number-search/bright-lifecare-pvt-ltd-06AAECB5311J1ZY/
renew	ReNew.Hub, Commercial Block-1, Zone 6, Golf Course Road, DLF City Phase V, Gurugram, Haryana	https://www.knowyourgst.com/gst-number-search/renew-power-private-limited-06AAFCR1111D1Z4/
acme-solar	Plot No. 152, Sector 44, Gurugram, Haryana	https://www.knowyourgst.com/gst-number-search/acme-solar-holdings-limited-06AANCA4988R1ZL/
oxyzo	Vipul Agora Mall, 101 First Floor, MG Road, Gurugram, Haryana	https://www.knowyourgst.com/gst-number-search/oxyzo-financial-services-private-limited-06AACCO3836B1ZU/
clix-capital	Two Horizon Center, 901 B, 9th Floor, DLF Phase V, Sector 42, Gurugram, Haryana	https://www.knowyourgst.com/gst-number-search/clix-capital-services-private-limited-06AAACC0642F1ZA/
vvdn	B-22, Infocity 1, Sector 34, Gurugram, Haryana	https://www.knowyourgst.com/gst-number-search/vvdn-technologies-pvt-ltd-06AABCE7582R1ZX/
payu	Bestech Business Tower, 9th Floor, Sohna Road, Sector 48, Gurugram, Haryana	https://www.knowyourgst.com/gst-number-search/payu-payments-private-limited-06AAJCS9091D1Z4/
indmoney	Suncity Success Tower, 616, 6th Floor, Golf Course Extension Road, Sector 65, Gurugram, Haryana	https://www.knowyourgst.com/gst-number-search/indmoney-private-limited-06AAGCI3750E1ZT/
indifi	Plot No. 63, 2nd Floor, Industrial Area, Sector 44, Gurugram, Haryana	https://www.knowyourgst.com/gst-number-search/indifi-technologies-private-limited-06AANCA4785E1ZH/
renewbuy	Plot No. 21, 3rd Floor, Sector 32, Gurugram, Haryana	https://www.knowyourgst.com/gst-number-search/d2c-insurance-broking-private-limited-06AAECD5771A1ZZ/
m1xchange	280, Udyog Vihar Phase IV, Gurugram, Haryana	https://www.knowyourgst.com/gst-number-search/mynd-solutions-pvt-ltd-06AADCM1046J1ZO/
square-yards	Plot No. 122, Ground Floor, Sector 44, Gurugram, Haryana	https://www.knowyourgst.com/gst-number-search/square-yards-consulting-private-limited-06AASCS4409C1ZD/
zupee	Plot No. 241, Ground Floor, Udyog Vihar Phase I, Gurugram, Haryana	https://www.knowyourgst.com/gst-number-search/cashgrail-private-limited-06AAICC4974E1ZL/
cashify	UM House, 1st Floor, Plot No. 35, Sector 44, Gurugram, Haryana	https://www.knowyourgst.com/gst-number-search/cashify-06AAGCM0328J3ZK/
magicpin	379-380, near IFFCO Chowk Metro, Sector 29, Gurugram, Haryana	https://www.knowyourgst.com/gst-number-search/samast-technologies-private-limited-06AAVCS7907C2Z0/
healthians	Omega Centre, A-26, Infocity 1, Sector 34, Gurugram, Haryana	https://www.knowyourgst.com/gst-number-search/expedient-healthcare-marketing-private-limited-06AADCE5479M1Z5/
collegedekho	Pioneer Urban Square, 204-206, 2nd Floor, Tower C, Sector 62, Gurugram, Haryana	https://www.knowyourgst.com/gst-number-search/girnarsoft-education-services-private-limited-06AAFCG9583Q6ZJ/
doubtnut	Sushant Lok 1, Gurugram, Haryana (street address withheld)	https://www.knowyourgst.com/gst-number-search/doubtnut-06AAGCC5347M1ZD/
splashlearn	Welldone Tech Park, 801, 8th Floor, Sohna Road, Gurugram, Haryana	https://www.knowyourgst.com/gst-number-search/studypad-india-private-limited-06AAHCM1084C1ZT/
power2sme	Plot No. 88, Udyog Vihar Phase IV, Gurugram, Haryana	https://www.knowyourgst.com/gst-number-search/power2sme-private-limited-06AAECB9468N1Z0/
stanza-living	Plot No. 490, Udyog Vihar Phase V, Gurugram, Haryana	https://www.knowyourgst.com/gst-number-search/dtwelve-spaces-private-limited-06AAGCD0417P1ZL/
fleetx	Vatika Business Park, 3rd Floor, Tower A, Sohna Road, Gurugram, Haryana	https://www.knowyourgst.com/gst-number-search/fleetx-technologies-private-limited-06AADCF1601L1ZY/
tata-1mg	Presidency Building, Tower B, 46/4, 5th Floor, MG Road, Sector 14, Gurugram, Haryana	https://www.knowyourgst.com/gst-number-search/1mg-technologies-private-limited-06AAACZ8318D1ZE/
rivigo	Plot No. 90, Sector 44, Gurugram, Haryana	https://www.knowyourgst.com/gst-number-search/rivigo-services-private-limited-06AAFCT0838F2ZH/
varaha	MM Tower, Cube 8, Plot 8-9, 6th Floor, Udyog Vihar Phase IV, Sector 18, Gurugram, Haryana	https://www.knowyourgst.com/gst-number-search/varaha-climateag-private-limited-06AAICV5458Q1ZG/
uolo	The Icon, DLF City Phase V, Gurugram, Haryana	https://www.knowyourgst.com/gst-number-search/uolo-edtech-private-limited-06AACCU5559R1ZJ/
filo	Unitech Cyber Park, Tower C, 901, Sector 39, Gurugram, Haryana	https://www.knowyourgst.com/gst-number-search/filo-edtech-private-limited-06AAECF3133C1Z9/
pristyn-care	3rd Floor, Capital Cityscape, Sector 66, Gurugram, Haryana 122002	https://www.zaubacorp.com/GHV-ADVANCED-CARE-PRIVATE-LIMITED-U85300HR2018PTC075460
